date,sentiment,trend
2021-01-01,-0.9970528,0
2021-01-01,-0.99891114,0
2021-01-02,-0.7813655,0
2021-01-02,0.99999654,1
2021-01-02,-0.0013221097,0
2021-01-03,-0.99999624,0
2021-01-03,-0.99998546,0
2021-01-04,-0.023220565,0
2021-01-04,-0.55355895,0
2021-01-04,-0.9997883,0
2021-01-04,-1.3153726e-06,0
2021-01-05,-0.9999935,0
2021-01-05,0.27972513,1
2021-01-05,-0.99981195,0
2021-01-05,-0.12950294,0
2021-01-05,-0.9997595,0
2021-01-05,-0.9672011,0
2021-01-05,-0.9999935,0
2021-01-05,-0.9999902,0
2021-01-05,-0.99997735,0
2021-01-05,-0.9999773,0
2021-01-06,-0.9999955,0
2021-01-06,-0.9999915,0
2021-01-06,-0.99973524,0
2021-01-06,0.9996061,1
2021-01-06,-0.99984634,0
2021-01-06,-0.9999526,0
2021-01-07,-0.9999917,0
2021-01-07,-0.9999906,0
2021-01-07,-3.5874386e-05,0
2021-01-07,-0.017421275,0
2021-01-07,-0.99089426,0
2021-01-07,-0.99089426,0
2021-01-07,-0.99954385,0
2021-01-07,0.9981918,1
2021-01-08,-0.9999963,0
2021-01-08,-0.9048043,0
2021-01-08,-0.100197494,0
2021-01-08,0.63381696,1
2021-01-08,-0.73545986,0
2021-01-09,-0.9999635,0
2021-01-09,-0.9999948,0
2021-01-09,0.99943197,1
2021-01-09,-0.99108,0
2021-01-10,-0.99974036,0
2021-01-10,-0.9873313,0
2021-01-10,-0.9999764,0
2021-01-10,-0.99995756,0
2021-01-11,-0.9634328,0
2021-01-11,-0.99992234,0
2021-01-11,-0.90651226,0
2021-01-11,-0.41015458,0
2021-01-11,-0.9999867,0
2021-01-11,-0.2719028,0
2021-01-12,0.97283274,1
2021-01-12,-0.003328332,0
2021-01-12,-0.9999961,0
2021-01-12,-0.998981,0
2021-01-12,-0.03423783,0
2021-01-12,0.99323344,1
2021-01-13,-0.99989235,0
2021-01-13,-0.99993813,0
2021-01-13,-0.99999213,0
2021-01-13,-0.9992635,0
2021-01-13,1.5034409e-09,0
2021-01-13,-3.3640603e-08,0
2021-01-13,-0.99996537,0
2021-01-13,-0.9996057,0
2021-01-13,-0.99879825,0
2021-01-14,-0.9994456,0
2021-01-14,-0.99955755,0
2021-01-14,-0.13820904,0
2021-01-14,-0.98509365,0
2021-01-14,-0.99997187,0
2021-01-15,-0.9999275,0
2021-01-15,0.6229732,1
2021-01-15,-0.99952334,0
2021-01-15,-0.9999799,0
2021-01-15,-0.9938064,0
2021-01-15,-0.9997343,0
2021-01-16,-0.9995738,0
2021-01-17,-0.9999993,0
2021-01-17,-0.9988968,0
2021-01-17,-0.99998474,0
2021-01-18,-0.026915401,0
2021-01-18,-0.99963236,0
2021-01-19,-0.9997923,0
2021-01-19,-0.9987676,0
2021-01-20,5.8230924e-08,0
2021-01-20,-0.9998975,0
2021-01-21,-0.9995595,0
2021-01-21,-0.0028526562,0
2021-01-21,-0.99417734,0
2021-01-21,0.96831167,1
2021-01-21,0.15664762,1
2021-01-22,-0.9999835,0
2021-01-22,-0.40428326,0
2021-01-22,-0.9999398,0
2021-01-22,-0.007500561,0
2021-01-22,-0.99973035,0
2021-01-22,-0.9999916,0
2021-01-22,-0.9989762,0
2021-01-22,-0.99974805,0
2021-01-22,-0.9931526,0
2021-01-23,0.9999406,1
2021-01-23,0.98985255,1
2021-01-24,-0.88078475,0
2021-01-24,0.99507517,1
2021-01-24,0.40160608,1
2021-01-25,-0.9999424,0
2021-01-25,-0.982604,0
2021-01-25,-0.102271095,0
2021-01-25,0.999922,1
2021-01-25,-0.8919551,0
2021-01-25,-0.9999413,0
2021-01-25,0.4263088,1
2021-01-25,-0.99897134,0
2021-01-25,-0.9046477,0
2021-01-25,-0.9998979,0
2021-01-25,-0.99999785,0
2021-01-25,0.999943,1
2021-01-26,-0.99997807,0
2021-01-26,-0.8792018,0
2021-01-26,-0.99990404,0
2021-01-27,-0.21000928,0
2021-01-27,-0.9999215,0
2021-01-27,-0.99914986,0
2021-01-27,-0.99999905,0
2021-01-27,-1.99514e-07,0
2021-01-27,-0.99948794,0
2021-01-27,3.3627794e-09,0
2021-01-27,-5.0789907e-08,0
2021-01-27,-0.031440213,0
2021-01-27,1.2767967e-07,0
2021-01-27,-0.0015159633,0
2021-01-27,3.2953714e-05,0
2021-01-27,-3.267013e-08,0
2021-01-28,1.4513736e-08,0
2021-01-28,-0.8155593,0
2021-01-28,-0.998853,0
2021-01-28,-0.9999956,0
2021-01-28,-0.8278322,0
2021-01-28,-0.7891102,0
2021-01-28,-0.999688,0
2021-01-28,0.99984,1
2021-01-29,-0.9999704,0
2021-01-29,-0.9999799,0
2021-01-29,0.69305116,1
2021-01-29,-0.99957335,0
2021-01-29,-3.295417e-07,0
2021-01-30,-0.9999879,0
2021-01-31,-0.015238841,0
2021-01-31,-0.9999609,0
2021-02-01,-0.99970454,0
2021-02-01,-0.99970454,0
2021-02-01,-0.999981,0
2021-02-01,-0.9999801,0
2021-02-01,-0.999981,0
2021-02-01,-0.9999801,0
2021-02-01,-0.999991,0
2021-02-01,-0.99915236,0
2021-02-01,-0.99999243,0
2021-02-01,-0.999991,0
2021-02-01,-0.99915236,0
2021-02-01,-0.99999243,0
2021-02-01,-0.917549,0
2021-02-01,-0.09068425,0
2021-02-01,-0.99988455,0
2021-02-01,-0.917549,0
2021-02-01,-0.09068425,0
2021-02-01,-0.9999367,0
2021-02-01,-0.9999367,0
2021-02-01,-0.99968904,0
2021-02-01,0.098893195,1
2021-02-01,0.098893195,1
2021-02-02,-0.99998736,0
2021-02-02,-0.999985,0
2021-02-02,-2.8308772e-05,0
2021-02-02,-0.00053170806,0
2021-02-02,-0.9992735,0
2021-02-03,0.022789283,0
2021-02-03,-0.99998873,0
2021-02-03,-0.99996334,0
2021-02-03,2.96777e-09,0
2021-02-03,-0.60982347,0
2021-02-03,0.9999122,1
2021-02-03,-0.01397717,0
2021-02-03,-0.99996275,0
2021-02-03,-0.9999864,0
2021-02-04,-0.9719273,0
2021-02-04,-0.9999951,0
2021-02-04,-6.214653e-05,0
2021-02-04,-0.9640007,0
2021-02-04,0.9673694,1
2021-02-04,-0.5311549,0
2021-02-05,-0.99994797,0
2021-02-05,-0.9999933,0
2021-02-05,-0.9999145,0
2021-02-05,-0.9999977,0
2021-02-06,-0.9999404,0
2021-02-06,-0.99985456,0
2021-02-06,0.99996257,1
2021-02-06,-1.6997749e-06,0
2021-02-06,0.99995536,1
2021-02-06,-0.8288214,0
2021-02-07,-0.9999719,0
2021-02-07,-0.0017197075,0
2021-02-07,-0.99989766,0
2021-02-07,-0.99998325,0
2021-02-07,-0.99999416,0
2021-02-08,-0.9999747,0
2021-02-08,-0.99998033,0
2021-02-08,-0.8487201,0
2021-02-08,-0.03937884,0
2021-02-08,-0.8963542,0
2021-02-08,-0.9975407,0
2021-02-08,0.020901235,0
2021-02-08,0.26541448,1
2021-02-08,-0.35550275,0
2021-02-08,-0.99996066,0
2021-02-08,-0.033665236,0
2021-02-09,-0.99996763,0
2021-02-09,-0.9656456,0
2021-02-09,1.9708972e-07,0
2021-02-09,-0.9892275,0
2021-02-09,-0.99982435,0
2021-02-09,-0.999919,0
2021-02-09,0.9973604,1
2021-02-09,-0.99998933,0
2021-02-10,-0.947991,0
2021-02-10,-0.99796605,0
2021-02-10,0.40258512,1
2021-02-10,-0.9990813,0
2021-02-11,1.625141e-07,0
2021-02-12,-0.999881,0
2021-02-12,-0.99968225,0
2021-02-12,-0.99985546,0
2021-02-12,-0.9999982,0
2021-02-13,-0.99909395,0
2021-02-13,0.9880444,1
2021-02-13,-0.99999017,0
2021-02-14,-0.999773,0
2021-02-14,-0.9999887,0
2021-02-14,-0.9999788,0
2021-02-15,-0.99974626,0
2021-02-15,-0.99994147,0
2021-02-15,-0.9256275,0
2021-02-15,0.9113014,1
2021-02-16,1.1143449e-06,0
2021-02-16,-0.9996911,0
2021-02-16,1.41947565e-08,0
2021-02-16,-0.9999958,0
2021-02-16,-0.9941037,0
2021-02-16,-0.31219307,0
2021-02-16,-0.9999928,0
2021-02-16,-0.99923265,0
2021-02-16,-0.99916244,0
2021-02-17,-0.9997954,0
2021-02-17,-0.9999561,0
2021-02-17,-0.99992937,0
2021-02-18,-0.99965036,0
2021-02-18,0.9993815,1
2021-02-18,-0.9746951,0
2021-02-18,-0.98177904,0
2021-02-18,-0.9853804,0
2021-02-18,-0.999883,0
2021-02-19,-0.9999711,0
2021-02-19,-0.9999958,0
2021-02-19,-0.9999256,0
2021-02-19,-0.9994907,0
2021-02-19,-0.99994993,0
2021-02-19,-0.99954593,0
2021-02-20,-0.9999475,0
2021-02-20,-0.9993772,0
2021-02-20,-7.762813e-06,0
2021-02-21,0.99997085,1
2021-02-21,-0.99997866,0
2021-02-21,-0.9432814,0
2021-02-21,0.9957102,1
2021-02-21,-0.99994177,0
2021-02-21,-5.4728866e-06,0
2021-02-22,-0.9999967,0
2021-02-22,-0.9999292,0
2021-02-22,0.008185198,0
2021-02-22,0.9985005,1
2021-02-22,-0.9439439,0
2021-02-22,-0.9999573,0
2021-02-23,-0.9999936,0
2021-02-23,-0.9999804,0
2021-02-23,-0.9997593,0
2021-02-23,-0.9999861,0
2021-02-24,-0.9999981,0
2021-02-24,-0.5433971,0
2021-02-24,-0.9999886,0
2021-02-24,-2.2421948e-06,0
2021-02-24,-5.046569e-07,0
2021-02-24,-0.99997354,0
2021-02-25,-0.9998939,0
2021-02-25,-0.9999973,0
2021-02-25,-0.98711175,0
2021-02-25,-0.016501004,0
2021-02-25,0.98340786,1
2021-02-25,-0.99997634,0
2021-02-25,-0.9998661,0
2021-02-25,-0.22152068,0
2021-02-25,-0.99999565,0
2021-02-25,-0.6697035,0
2021-02-25,0.68257236,1
2021-02-25,-0.99995667,0
2021-02-26,-0.87440187,0
2021-02-26,-0.99786985,0
2021-02-26,-0.9998351,0
2021-02-26,-0.99997365,0
2021-02-26,-0.9997639,0
2021-02-27,-0.98214436,0
2021-02-27,-0.9996986,0
2021-02-28,-0.99982226,0
2021-02-28,-0.9998317,0
2021-03-01,-0.9987368,0
2021-03-01,-0.9999848,0
2021-03-02,-0.9999863,0
2021-03-02,-0.99992406,0
2021-03-02,-0.999966,0
2021-03-02,-4.8459424e-05,0
2021-03-02,-0.8552561,0
2021-03-02,-0.99998,0
2021-03-03,-0.9999973,0
2021-03-03,-0.99688524,0
2021-03-03,-0.99933296,0
2021-03-03,-0.027576206,0
2021-03-03,0.00028039078,0
2021-03-03,-0.99994904,0
2021-03-04,0.2570726,1
2021-03-04,-0.99989486,0
2021-03-04,-0.9995664,0
2021-03-04,0.2570726,1
2021-03-04,-0.99989486,0
2021-03-04,-0.9995664,0
2021-03-04,-0.9961037,0
2021-03-04,-0.99996537,0
2021-03-04,-0.99996537,0
2021-03-04,-0.3260791,0
2021-03-04,-0.3260791,0
2021-03-04,0.9993422,1
2021-03-04,0.9993422,1
2021-03-05,-0.97675014,0
2021-03-05,-0.01083667,0
2021-03-05,-7.0621686e-09,0
2021-03-06,-0.9999431,0
2021-03-06,-0.9999899,0
2021-03-06,-0.99976,0
2021-03-07,-0.9999219,0
2021-03-08,-0.99943095,0
2021-03-08,-0.90771997,0
2021-03-08,-0.45797902,0
2021-03-08,-0.02720254,0
2021-03-08,-0.99749947,0
2021-03-09,-1.4869819e-05,0
2021-03-09,-0.6479808,0
2021-03-09,-0.99998194,0
2021-03-09,-0.9999641,0
2021-03-09,-0.9272884,0
2021-03-09,-0.9999169,0
2021-03-09,-0.98086065,0
2021-03-10,0.4774805,1
2021-03-10,8.126109e-05,0
2021-03-10,-0.2642863,0
2021-03-10,-0.99999654,0
2021-03-10,-0.99980533,0
2021-03-10,-0.99998707,0
2021-03-10,-0.9999986,0
2021-03-10,-0.9999891,0
2021-03-11,-0.9999038,0
2021-03-11,0.98778623,1
2021-03-11,-0.96473885,0
2021-03-11,1.444364e-07,0
2021-03-11,-0.0002707809,0
2021-03-11,0.8484487,1
2021-03-11,-0.99994653,0
2021-03-11,-0.99996734,0
2021-03-11,-0.99960566,0
2021-03-11,0.9998745,1
2021-03-11,-0.9978797,0
2021-03-11,-0.99998623,0
2021-03-12,-0.15804663,0
2021-03-12,-0.9980496,0
2021-03-12,-0.9993236,0
2021-03-12,0.011092723,0
2021-03-12,2.7569195e-07,0
2021-03-12,-0.9992159,0
2021-03-12,-0.04255719,0
2021-03-13,-0.9821845,0
2021-03-13,-0.99733126,0
2021-03-13,-0.34200805,0
2021-03-14,-0.99897885,0
2021-03-15,-0.11394007,0
2021-03-15,0.9978427,1
2021-03-15,-0.9995809,0
2021-03-15,-5.009499e-08,0
2021-03-15,-0.99927324,0
2021-03-15,-0.99787706,0
2021-03-16,-1.972626e-06,0
2021-03-16,-0.999216,0
2021-03-16,-0.99995637,0
2021-03-16,0.99649304,1
2021-03-16,-0.99952245,0
2021-03-16,-0.99995774,0
2021-03-16,0.9992438,1
2021-03-16,-0.9999248,0
2021-03-16,-0.99988896,0
2021-03-16,-0.99991477,0
2021-03-16,0.6277209,1
2021-03-17,-0.9565671,0
2021-03-17,-0.88900477,0
2021-03-17,-0.9999925,0
2021-03-17,0.9999913,1
2021-03-17,-0.99953264,0
2021-03-17,2.8897914e-05,0
2021-03-17,-0.999953,0
2021-03-17,-0.9869136,0
2021-03-18,-0.88489956,0
2021-03-18,-0.0013342821,0
2021-03-18,4.2302567e-08,0
2021-03-18,-0.99937195,0
2021-03-18,-0.9999931,0
2021-03-18,0.93546873,1
2021-03-18,-0.9999161,0
2021-03-18,-0.8119583,0
2021-03-18,-0.9999659,0
2021-03-18,-0.15638952,0
2021-03-18,0.9982683,1
2021-03-18,-0.0053823455,0
2021-03-19,0.9227473,1
2021-03-19,0.93993205,1
2021-03-19,0.9999865,1
2021-03-19,-0.9185827,0
2021-03-19,-0.999966,0
2021-03-20,-0.9999782,0
2021-03-20,-0.93613803,0
2021-03-20,-0.9957318,0
2021-03-21,-0.9999127,0
2021-03-21,-0.96092224,0
2021-03-21,-0.99857247,0
2021-03-21,-0.0073162727,0
2021-03-22,-7.372525e-08,0
2021-03-22,-0.735191,0
2021-03-22,-0.99999636,0
2021-03-22,-0.99650925,0
2021-03-22,0.94923466,1
2021-03-22,-0.99811494,0
2021-03-22,-0.9998923,0
2021-03-22,0.8731488,1
2021-03-23,-0.9673569,0
2021-03-23,-0.99973166,0
2021-03-23,-0.999959,0
2021-03-23,0.9156499,1
2021-03-24,-4.1693533e-09,0
2021-03-24,-0.9998745,0
2021-03-24,-0.71460146,0
2021-03-25,-0.999597,0
2021-03-25,-0.9998877,0
2021-03-25,-0.99999654,0
2021-03-25,0.9999792,1
2021-03-26,-0.9999864,0
2021-03-26,-0.99989283,0
2021-03-26,-0.95128864,0
2021-03-26,-0.9980287,0
2021-03-26,-0.9998179,0
2021-03-27,-0.00015819064,0
2021-03-27,-0.99919605,0
2021-03-28,-0.06234893,0
2021-03-28,-0.9999109,0
2021-03-29,-0.9999993,0
2021-03-29,-6.008083e-09,0
2021-03-29,0.99995583,1
2021-03-29,-0.98614913,0
2021-03-29,-0.9932335,0
2021-03-29,-0.99892026,0
2021-03-29,-0.99991953,0
2021-03-30,-0.009773349,0
2021-03-30,-0.99998957,0
2021-03-30,-0.99999964,0
2021-03-30,-0.04519616,0
2021-03-30,-0.7144941,0
2021-03-30,-0.86605614,0
2021-03-30,-0.9998366,0
2021-03-30,0.8849022,1
2021-03-30,0.9999593,1
2021-03-31,-0.99929225,0
2021-03-31,0.9998855,1
2021-03-31,-0.99996686,0
2021-03-31,-0.44685382,0
2021-03-31,-0.99972755,0
2021-03-31,-0.99993753,0
2021-03-31,-0.99977565,0
2021-03-31,-0.9999598,0
2021-03-31,-0.9999877,0
2021-03-31,-0.9966489,0
2021-04-01,-2.2723336e-08,0
2021-04-01,-0.9987551,0
2021-04-01,-0.9986929,0
2021-04-01,-0.9995639,0
2021-04-01,-0.9998965,0
2021-04-03,0.9347523,1
2021-04-03,0.46043286,1
2021-04-03,-0.9998534,0
2021-04-04,-0.9999378,0
2021-04-04,0.9999959,1
2021-04-04,-0.9999378,0
2021-04-04,0.9999959,1
2021-04-05,-6.401375e-08,0
2021-04-05,-0.9999933,0
2021-04-05,-0.9998501,0
2021-04-05,-0.99963695,0
2021-04-05,-0.99999285,0
2021-04-05,-0.9996951,0
2021-04-06,4.882428e-10,0
2021-04-06,-6.692955e-08,0
2021-04-06,-0.8933223,0
2021-04-06,-0.9932643,0
2021-04-07,-0.08467604,0
2021-04-07,0.3218559,1
2021-04-07,-0.7315721,0
2021-04-07,-0.99985594,0
2021-04-07,-0.99996597,0
2021-04-07,-0.99999505,0
2021-04-07,-0.99997205,0
2021-04-08,-0.99979216,0
2021-04-08,-0.99999565,0
2021-04-08,-0.5693915,0
2021-04-08,0.9999985,1
2021-04-08,-0.11250568,0
2021-04-08,-0.98916125,0
2021-04-08,-0.93491626,0
2021-04-08,0.99989915,1
2021-04-08,-0.99990493,0
2021-04-08,-0.6874795,0
2021-04-09,1.0892646e-06,0
2021-04-09,-0.9999844,0
2021-04-09,-0.9990546,0
2021-04-09,-0.9998584,0
2021-04-09,-0.9986968,0
2021-04-10,-0.99999684,0
2021-04-10,-0.9999722,0
2021-04-10,-0.9999985,0
2021-04-11,0.99996936,1
2021-04-11,-0.9999053,0
2021-04-12,-0.9863469,0
2021-04-12,-0.9996512,0
2021-04-12,-0.9999728,0
2021-04-12,-0.99419546,0
2021-04-12,-0.9999987,0
2021-04-12,-0.99996424,0
2021-04-12,-0.99999195,0
2021-04-12,0.9489585,1
2021-04-13,-0.99996954,0
2021-04-13,-1.242775e-07,0
2021-04-13,0.88691455,1
2021-04-13,-0.99993926,0
2021-04-13,-0.99999684,0
2021-04-13,-0.99980605,0
2021-04-13,-0.999557,0
2021-04-13,-0.9998543,0
2021-04-13,1.077029e-07,0
2021-04-14,-0.99982744,0
2021-04-14,0.8589615,1
2021-04-15,-0.99999636,0
2021-04-15,-0.9961298,0
2021-04-15,-1.4122948e-05,0
2021-04-15,0.3599402,1
2021-04-15,-0.9999191,0
2021-04-15,-0.9999548,0
2021-04-15,-0.9996863,0
2021-04-15,-0.9987779,0
2021-04-15,-0.99998975,0
2021-04-15,-0.9999417,0
2021-04-15,-0.9999425,0
2021-04-16,-0.99999726,0
2021-04-16,5.88971e-07,0
2021-04-16,-0.99964255,0
2021-04-16,-0.9999923,0
2021-04-16,-0.99999535,0
2021-04-16,-0.99975723,0
2021-04-16,-0.999986,0
2021-04-17,-0.99999344,0
2021-04-17,-0.012628121,0
2021-04-18,-0.9999831,0
2021-04-18,0.9998519,1
2021-04-19,0.9998392,1
2021-04-19,-0.9999937,0
2021-04-19,-0.9999751,0
2021-04-19,-0.99994665,0
2021-04-19,-0.9162152,0
2021-04-19,-0.99961984,0
2021-04-19,-0.9999792,0
2021-04-19,0.99836683,1
2021-04-20,0.99413276,1
2021-04-20,-0.9995797,0
2021-04-20,0.99735653,1
2021-04-20,0.9916605,1
2021-04-20,-0.9998565,0
2021-04-20,-0.9999657,0
2021-04-20,-0.99860734,0
2021-04-20,-0.9999898,0
2021-04-20,-0.9975131,0
2021-04-20,-0.9967603,0
2021-04-20,-9.1812706e-07,0
2021-04-20,-0.99548113,0
2021-04-20,-0.9652248,0
2021-04-20,-0.9999891,0
2021-04-20,-0.9967068,0
2021-04-20,-0.9968808,0
2021-04-20,-0.9999755,0
2021-04-20,-0.9999899,0
2021-04-21,-0.59673804,0
2021-04-21,-0.98847544,0
2021-04-21,-0.9997838,0
2021-04-21,-0.9723426,0
2021-04-21,-0.99989486,0
2021-04-21,-0.9997462,0
2021-04-21,-0.9976984,0
2021-04-21,-0.9998825,0
2021-04-21,0.9990981,1
2021-04-21,-0.9974646,0
2021-04-21,-0.9997036,0
2021-04-22,0.99974597,1
2021-04-22,-0.99997306,0
2021-04-22,0.9406984,1
2021-04-22,-0.99857867,0
2021-04-22,-0.99998677,0
2021-04-22,-0.9667017,0
2021-04-22,-0.96458876,0
2021-04-22,-0.99994516,0
2021-04-23,0.99983674,1
2021-04-23,-0.9999562,0
2021-04-23,-0.994904,0
2021-04-23,-0.10225123,0
2021-04-23,0.5105413,1
2021-04-23,-0.99978745,0
2021-04-23,-0.9998069,0
2021-04-23,-0.99998415,0
2021-04-23,5.9883674e-05,0
2021-04-24,-0.99869996,0
2021-04-24,-0.9999957,0
2021-04-25,0.26551265,1
2021-04-26,-0.99178034,0
2021-04-26,-0.011449666,0
2021-04-26,-0.9568133,0
2021-04-26,-0.629865,0
2021-04-26,-0.9999967,0
2021-04-26,-0.4886725,0
2021-04-26,-0.9999971,0
2021-04-26,-0.9752871,0
2021-04-26,-0.99978817,0
2021-04-26,-0.9999998,0
2021-04-26,0.45985597,1
2021-04-26,-0.9997423,0
2021-04-26,-0.999994,0
2021-04-26,-9.742887e-05,0
2021-04-26,-0.9940434,0
2021-04-26,-0.96349823,0
2021-04-27,-0.9999896,0
2021-04-27,-0.99985147,0
2021-04-27,0.99929374,1
2021-04-27,-0.97333866,0
2021-04-27,-0.983364,0
2021-04-27,-0.99609685,0
2021-04-27,0.8279456,1
2021-04-27,-0.95114493,0
2021-04-27,-0.99990755,0
2021-04-28,-0.89114493,0
2021-04-28,2.5473895e-07,0
2021-04-28,-0.062402207,0
2021-04-28,-2.0262256e-05,0
2021-04-28,-0.6313597,0
2021-04-28,-6.629503e-09,0
2021-04-28,-0.99999756,0
2021-04-28,-0.93634224,0
2021-04-28,0.9999804,1
2021-04-28,-1.5208596e-05,0
2021-04-28,3.5252288e-09,0
2021-04-28,-0.9894205,0
2021-04-28,-0.99995494,0
2021-04-28,0.9998601,1
2021-04-28,-0.7620859,0
2021-04-29,-0.99731237,0
2021-04-29,-1.5304886e-07,0
2021-04-29,-0.99970156,0
2021-04-29,1.229937e-09,0
2021-04-29,-0.9820164,0
2021-04-29,-0.99665445,0
2021-04-29,0.9998663,1
2021-04-29,0.9998244,1
2021-04-29,-5.581364e-07,0
2021-04-29,-0.60877526,0
2021-04-29,-0.99994576,0
2021-04-29,-0.71793365,0
2021-04-29,-0.9997559,0
2021-04-29,2.306231e-05,0
2021-04-30,-0.9999989,0
2021-04-30,-3.272423e-08,0
2021-04-30,-0.99136615,0
2021-04-30,0.99918234,1
2021-04-30,0.60334146,1
2021-04-30,-0.9999903,0
2021-04-30,0.9161345,1
2021-04-30,-0.9997889,0
2021-04-30,-3.7867636e-08,0
2021-05-01,-0.999999,0
2021-05-01,-0.99952376,0
2021-05-01,-0.99978924,0
2021-05-01,-0.9983488,0
2021-05-01,-0.99986404,0
2021-05-01,-0.9999298,0
2021-05-01,-0.9992016,0
2021-05-02,-0.99983394,0
2021-05-02,-0.3448589,0
2021-05-02,0.99464625,1
2021-05-02,-0.9986343,0
2021-05-03,0.99466854,1
2021-05-03,-0.0012697583,0
2021-05-03,-0.9999574,0
2021-05-03,-0.9999577,0
2021-05-03,3.8362305e-08,0
2021-05-03,6.676428e-06,0
2021-05-03,-0.99997467,0
2021-05-03,-0.9999455,0
2021-05-03,-3.6168733e-06,0
2021-05-03,-0.96901226,0
2021-05-04,0.99998856,1
2021-05-04,-0.9999995,0
2021-05-04,-0.9999728,0
2021-05-04,-0.99997234,0
2021-05-04,0.0005532792,0
2021-05-04,-0.94486624,0
2021-05-04,-0.024205426,0
2021-05-04,-0.8739998,0
2021-05-04,-0.99990547,0
2021-05-04,-0.9998969,0
2021-05-04,-0.9993679,0
2021-05-04,-0.9999343,0
2021-05-04,0.9116519,1
2021-05-04,-0.99992406,0
2021-05-05,-0.99998546,0
2021-05-05,-0.99998546,0
2021-05-06,-0.9999903,0
2021-05-06,0.9994536,1
2021-05-06,4.510904e-08,0
2021-05-06,-0.99998647,0
2021-05-06,-0.015036174,0
2021-05-06,-0.9785689,0
2021-05-06,-0.9999979,0
2021-05-06,-0.9996886,0
2021-05-07,-0.99976194,0
2021-05-07,-1.6926921e-06,0
2021-05-07,-0.9968857,0
2021-05-07,-0.99996716,0
2021-05-07,-0.9908242,0
2021-05-07,-0.99305797,0
2021-05-08,-0.9999173,0
2021-05-10,-0.9908876,0
2021-05-10,-0.9719104,0
2021-05-10,0.98564,1
2021-05-10,-0.9905961,0
2021-05-10,-0.9999693,0
2021-05-11,-0.9982583,0
2021-05-11,-0.92266774,0
2021-05-11,-0.99693686,0
2021-05-11,-0.9998673,0
2021-05-11,0.9618721,1
2021-05-11,-0.9999743,0
2021-05-11,-0.9987716,0
2021-05-12,0.30830586,1
2021-05-12,-0.05018317,0
2021-05-12,0.76788366,1
2021-05-12,-0.9999918,0
2021-05-12,-0.99998766,0
2021-05-12,-0.9999756,0
2021-05-12,-1.8212327e-06,0
2021-05-12,-0.99992347,0
2021-05-13,0.9335222,1
2021-05-13,-0.9827589,0
2021-05-13,-0.9999681,0
2021-05-13,-0.99999714,0
2021-05-13,-0.9998924,0
2021-05-13,0.99986,1
2021-05-13,-0.99116653,0
2021-05-14,-0.99997,0
2021-05-14,0.9707542,1
2021-05-14,-0.99988484,0
2021-05-14,-0.95044243,0
2021-05-14,-0.998164,0
2021-05-14,-0.9979185,0
2021-05-14,-0.9999642,0
2021-05-14,-0.97035724,0
2021-05-14,0.9984409,1
2021-05-14,-1.8877176e-05,0
2021-05-14,-0.9999584,0
2021-05-14,-0.9999066,0
2021-05-15,-0.6367454,0
2021-05-15,-0.99957347,0
2021-05-15,-0.99980444,0
2021-05-16,0.99990094,1
2021-05-17,-0.9993852,0
2021-05-17,-0.9999617,0
2021-05-17,-0.83851224,0
2021-05-17,-0.9999421,0
2021-05-17,-0.99712497,0
2021-05-17,-0.9999987,0
2021-05-17,-0.9972534,0
2021-05-17,0.9928903,1
2021-05-17,0.49341458,1
2021-05-17,0.9999983,1
2021-05-17,-0.99999267,0
2021-05-17,-0.9665574,0
2021-05-17,0.9999954,1
2021-05-17,-0.9989191,0
2021-05-17,-0.9989814,0
2021-05-17,-0.9995922,0
2021-05-17,-0.9999982,0
2021-05-18,-0.9297587,0
2021-05-18,-1.3708626e-06,0
2021-05-18,-0.9994311,0
2021-05-18,-0.9953096,0
2021-05-18,-0.9996125,0
2021-05-18,3.1643748e-09,0
2021-05-19,-0.99995595,0
2021-05-19,-0.9999977,0
2021-05-19,-0.5111822,0
2021-05-19,-0.9991046,0
2021-05-19,-0.9999993,0
2021-05-19,-0.35148793,0
2021-05-19,-0.00037386894,0
2021-05-19,-0.918605,0
2021-05-20,0.358093,1
2021-05-20,3.864309e-09,0
2021-05-20,-0.971249,0
2021-05-20,-0.99999464,0
2021-05-20,-0.9587434,0
2021-05-20,-0.99711925,0
2021-05-20,-0.9999478,0
2021-05-21,-4.3629292e-08,0
2021-05-21,0.999549,1
2021-05-21,-0.99934447,0
2021-05-21,-0.99999845,0
2021-05-21,-0.41808957,0
2021-05-21,-0.99993706,0
2021-05-21,-0.002010521,0
2021-05-21,-0.9999801,0
2021-05-21,-0.99992675,0
2021-05-21,-0.99356973,0
2021-05-21,-0.99998033,0
2021-05-22,-0.8433609,0
2021-05-22,-0.99681395,0
2021-05-22,-0.9999476,0
2021-05-22,-0.99652135,0
2021-05-22,0.77500194,1
2021-05-23,-0.9999854,0
2021-05-23,-0.99669623,0
2021-05-23,-0.9422088,0
2021-05-24,0.045050237,0
2021-05-24,-0.99997485,0
2021-05-24,-0.9091561,0
2021-05-24,-0.9999078,0
2021-05-24,0.33501485,1
2021-05-24,-0.9999797,0
2021-05-24,-0.9999719,0
2021-05-25,-0.004854384,0
2021-05-25,-0.1806002,0
2021-05-25,-0.9405535,0
2021-05-25,-0.9938821,0
2021-05-25,-0.9949636,0
2021-05-25,-0.0072078994,0
2021-05-26,-0.9999204,0
2021-05-26,-0.9969014,0
2021-05-26,-0.9998798,0
2021-05-26,-0.019502703,0
2021-05-26,-0.9999499,0
2021-05-27,-0.0017171627,0
2021-05-27,-0.9999954,0
2021-05-27,-0.99999267,0
2021-05-27,-0.71435064,0
2021-05-28,-0.9256382,0
2021-05-28,-0.99997497,0
2021-05-28,0.99996936,1
2021-05-28,-0.9627761,0
2021-05-28,-0.99282646,0
2021-05-28,-0.9999987,0
2021-05-28,-0.9999537,0
2021-05-28,-0.99997497,0
2021-05-28,-0.029981297,0
2021-05-28,-0.9998811,0
2021-05-29,-0.99990964,0
2021-05-29,-0.99998784,0
2021-05-30,-0.9994345,0
2021-05-30,-0.91860867,0
2021-05-31,-0.5798991,0
2021-05-31,-0.9349604,0
2021-05-31,0.9426174,1
2021-06-01,0.9976494,1
2021-06-01,-0.9965753,0
2021-06-01,-0.9999561,0
2021-06-02,-0.29981044,0
2021-06-02,-0.9999953,0
2021-06-02,0.79492486,1
2021-06-02,-0.9999234,0
2021-06-02,0.99996275,1
2021-06-02,-0.9998129,0
2021-06-02,-0.9999965,0
2021-06-02,-0.71276313,0
2021-06-02,-0.9897734,0
2021-06-03,-4.130204e-06,0
2021-06-03,-0.8935382,0
2021-06-03,-0.9999661,0
2021-06-03,-0.99811625,0
2021-06-03,-0.9999866,0
2021-06-03,-0.99999213,0
2021-06-03,-0.99997854,0
2021-06-04,-0.9999866,0
2021-06-04,-0.9999944,0
2021-06-04,-3.6118752e-06,0
2021-06-04,-0.7737436,0
2021-06-04,-0.99995875,0
2021-06-04,1.0287442e-07,0
2021-06-04,-0.9994545,0
2021-06-04,0.86640435,1
2021-06-04,-0.99987257,0
2021-06-04,-0.9998905,0
2021-06-05,-0.9999415,0
2021-06-05,-0.98276496,0
2021-06-05,-0.9999415,0
2021-06-05,-0.7623067,0
2021-06-05,-0.7623067,0
2021-06-05,-0.5016781,0
2021-06-05,-0.5016781,0
2021-06-06,-0.9761366,0
2021-06-07,0.0017467259,0
2021-06-07,-0.9999988,0
2021-06-07,-0.99895746,0
2021-06-07,-0.41155016,0
2021-06-07,-0.9994339,0
2021-06-07,-0.9998882,0
2021-06-07,-0.87717825,0
2021-06-07,0.9999715,1
2021-06-07,-0.9999079,0
2021-06-07,-0.00057095336,0
2021-06-07,0.37151727,1
2021-06-07,-0.9989448,0
2021-06-07,-0.96325517,0
2021-06-07,-0.9983117,0
2021-06-07,-0.997473,0
2021-06-07,-0.98269075,0
2021-06-07,-0.9997683,0
2021-06-07,-0.99998206,0
2021-06-07,-0.99395704,0
2021-06-08,-0.958264,0
2021-06-08,-0.99997807,0
2021-06-08,-0.5422499,0
2021-06-08,-0.9999756,0
2021-06-08,-0.99993217,0
2021-06-08,-0.9999498,0
2021-06-08,0.9907171,1
2021-06-08,0.7720748,1
2021-06-09,-0.99986196,0
2021-06-09,-0.9998616,0
2021-06-09,-0.99998313,0
2021-06-09,-0.9999632,0
2021-06-09,0.99998426,1
2021-06-09,-0.0054764384,0
2021-06-09,-0.7926064,0
2021-06-10,-0.99962616,0
2021-06-10,-0.9287367,0
2021-06-10,0.74518275,1
2021-06-10,-0.99986607,0
2021-06-10,-0.99927187,0
2021-06-10,-0.99990046,0
2021-06-10,-0.42261106,0
2021-06-10,-0.9889242,0
2021-06-10,-0.99974984,0
2021-06-10,-2.5328281e-06,0
2021-06-11,-0.9999902,0
2021-06-11,0.9987611,1
2021-06-11,-0.9892964,0
2021-06-11,-0.50398934,0
2021-06-11,-0.08738311,0
2021-06-11,-0.9999883,0
2021-06-11,-0.38969475,0
2021-06-11,-0.9848371,0
2021-06-11,-0.5992232,0
2021-06-11,-0.9614262,0
2021-06-11,-0.9999338,0
2021-06-11,-0.9999527,0
2021-06-12,-0.971262,0
2021-06-12,-0.99999297,0
2021-06-12,0.999998,1
2021-06-13,-0.98882776,0
2021-06-13,-0.9999921,0
2021-06-13,-0.9392008,0
2021-06-13,-0.9593393,0
2021-06-14,-0.9687034,0
2021-06-14,-0.45063126,0
2021-06-14,-0.9996216,0
2021-06-14,-0.99994385,0
2021-06-14,-0.18649751,0
2021-06-14,-0.4438107,0
2021-06-14,-0.99974376,0
2021-06-14,0.9999082,1
2021-06-15,0.015163247,0
2021-06-15,-0.9999384,0
2021-06-15,-0.9618846,0
2021-06-15,0.9999934,1
2021-06-16,-0.9987626,0
2021-06-16,-0.99530894,0
2021-06-16,-0.99998057,0
2021-06-16,-8.4876294e-05,0
2021-06-16,-0.9999628,0
2021-06-16,-0.9999925,0
2021-06-16,0.99989676,1
2021-06-17,-0.0035255076,0
2021-06-17,-0.99999106,0
2021-06-17,-0.35116625,0
2021-06-17,-0.99999756,0
2021-06-17,-0.99986005,0
2021-06-17,-0.99832475,0
2021-06-17,0.99990886,1
2021-06-18,0.57419735,1
2021-06-18,0.99860775,1
2021-06-18,-0.9999822,0
2021-06-19,-0.99913627,0
2021-06-19,-0.9997771,0
2021-06-19,-0.9998207,0
2021-06-20,-0.9989019,0
2021-06-20,-0.99923944,0
2021-06-20,-0.9990188,0
2021-06-21,-1.3208656e-09,0
2021-06-21,-0.9998891,0
2021-06-21,-0.60774404,0
2021-06-21,-0.46570426,0
2021-06-21,-2.9655423e-05,0
2021-06-21,0.5440809,1
2021-06-22,-0.99993354,0
2021-06-22,-0.99647474,0
2021-06-22,-0.9998555,0
2021-06-22,-0.99974203,0
2021-06-22,-0.80016303,0
2021-06-22,-0.9999984,0
2021-06-22,-0.9999971,0
2021-06-23,-0.99916375,0
2021-06-23,-0.99746925,0
2021-06-23,-0.99923277,0
2021-06-23,-0.9999789,0
2021-06-23,0.11008027,1
2021-06-23,0.99997574,1
2021-06-23,-0.4602164,0
2021-06-23,0.9988533,1
2021-06-24,0.9999366,1
2021-06-24,-0.999951,0
2021-06-24,-0.99999934,0
2021-06-24,-0.98108405,0
2021-06-24,-0.9996679,0
2021-06-24,-0.9999877,0
2021-06-24,-0.9995815,0
2021-06-24,-0.9999875,0
2021-06-24,-0.9978209,0
2021-06-24,0.09091079,1
2021-06-24,-0.99999946,0
2021-06-24,-0.9999356,0
2021-06-25,-0.9999723,0
2021-06-25,-0.9998491,0
2021-06-25,0.9661639,1
2021-06-25,-0.9996855,0
2021-06-26,-0.9999923,0
2021-06-26,-0.9999516,0
2021-06-26,1.3888014e-08,0
2021-06-27,0.99570197,1
2021-06-27,-0.9998877,0
2021-06-27,-0.81688297,0
2021-06-28,1.6816927e-07,0
2021-06-28,-0.99956405,0
2021-06-28,-0.9998954,0
2021-06-28,-0.9997688,0
2021-06-29,-0.99995357,0
2021-06-29,-0.9989402,0
2021-06-30,-0.9999769,0
2021-06-30,-0.9999876,0
2021-06-30,-0.99998856,0
2021-06-30,-0.9068048,0
2021-06-30,0.5367625,1
2021-06-30,-0.99963385,0
2021-07-01,-0.99994904,0
2021-07-01,-0.99999595,0
2021-07-01,-0.9999886,0
2021-07-01,-0.9996895,0
2021-07-01,-0.99961203,0
2021-07-01,-0.997904,0
2021-07-01,0.8861807,1
2021-07-02,-0.9997092,0
2021-07-02,0.9999969,1
2021-07-02,0.9934234,1
2021-07-03,-0.9999902,0
2021-07-03,0.999952,1
2021-07-04,-0.7475394,0
2021-07-05,0.8560169,1
2021-07-05,-0.9980819,0
2021-07-06,-3.7714926e-07,0
2021-07-06,-3.7714926e-07,0
2021-07-06,-0.9999945,0
2021-07-06,-0.9999945,0
2021-07-06,-0.98410183,0
2021-07-06,-0.98410183,0
2021-07-06,-0.99982536,0
2021-07-06,-0.99982536,0
2021-07-07,-0.9999111,0
2021-07-07,-0.9997317,0
2021-07-08,-7.4561885e-06,0
2021-07-08,-0.99894017,0
2021-07-09,0.9940443,1
2021-07-09,-0.9992505,0
2021-07-09,-0.99898696,0
2021-07-09,0.996265,1
2021-07-09,-0.9955461,0
2021-07-10,-0.99983615,0
2021-07-10,0.99999934,1
2021-07-10,-0.999785,0
2021-07-10,-0.9999276,0
2021-07-11,0.89130867,1
2021-07-12,-1.2098962e-08,0
2021-07-12,-6.462052e-07,0
2021-07-13,0.99951404,1
2021-07-13,-0.9999024,0
2021-07-13,-0.9958027,0
2021-07-13,-0.99994105,0
2021-07-13,0.9998637,1
2021-07-14,0.99745595,1
2021-07-14,-0.99923486,0
2021-07-14,-0.81522954,0
2021-07-14,3.322957e-07,0
2021-07-14,-3.7916115e-10,0
2021-07-14,-0.99979454,0
2021-07-14,-0.9998279,0
2021-07-14,-0.999412,0
2021-07-14,-0.99970263,0
2021-07-14,-0.19690683,0
2021-07-14,-0.9971941,0
2021-07-14,-0.9999637,0
2021-07-14,-0.9999754,0
2021-07-14,-0.9999904,0
2021-07-14,-0.9998926,0
2021-07-14,-0.9999576,0
2021-07-15,-0.99799156,0
2021-07-15,-0.9999522,0
2021-07-15,-0.99643636,0
2021-07-15,-0.9999531,0
2021-07-15,-0.9999961,0
2021-07-16,-0.9993828,0
2021-07-16,-0.5562434,0
2021-07-16,-0.9997995,0
2021-07-16,-0.99902886,0
2021-07-16,-0.097447395,0
2021-07-16,-0.9950892,0
2021-07-16,-0.9999627,0
2021-07-16,-0.9999017,0
2021-07-16,0.9954924,1
2021-07-17,0.9542094,1
2021-07-18,-0.21390748,0
2021-07-18,0.9999578,1
2021-07-19,-0.9660439,0
2021-07-19,-0.9911198,0
2021-07-19,-0.99998504,0
2021-07-19,-0.85702026,0
2021-07-19,-0.9992134,0
2021-07-19,-0.97077906,0
2021-07-20,0.9996847,1
2021-07-20,-0.99976057,0
2021-07-20,-0.9999923,0
2021-07-20,0.45077127,1
2021-07-20,-0.9581248,0
2021-07-21,0.99986476,1
2021-07-21,-0.017004231,0
2021-07-21,-0.9999722,0
2021-07-21,0.4024471,1
2021-07-21,-0.46672463,0
2021-07-21,-0.9997705,0
2021-07-21,-0.9994446,0
2021-07-23,0.97685945,1
2021-07-23,-0.99999475,0
2021-07-23,-0.99979484,0
2021-07-23,-0.99996114,0
2021-07-23,-0.99996233,0
2021-07-23,-5.740294e-06,0
2021-07-23,-0.999544,0
2021-07-23,-0.9999479,0
2021-07-24,-0.9836316,0
2021-07-24,-0.9999482,0
2021-07-24,-0.97855866,0
2021-07-25,-0.07312728,0
2021-07-25,-0.9999971,0
2021-07-25,-0.9999023,0
2021-07-25,-0.9999135,0
2021-07-26,-0.9999922,0
2021-07-26,-0.9986302,0
2021-07-27,-1.1188751e-05,0
2021-07-27,-2.6809735e-07,0
2021-07-27,-0.85432607,0
2021-07-27,-0.9972567,0
2021-07-27,3.0263347e-11,0
2021-07-27,-0.0002712305,0
2021-07-27,-0.9993195,0
2021-07-27,0.999984,1
2021-07-27,-0.9985598,0
2021-07-27,-7.837233e-07,0
2021-07-27,-4.0971667e-08,0
2021-07-27,0.8046037,1
2021-07-27,-0.99997264,0
2021-07-27,-0.9999901,0
2021-07-27,-0.0005278122,0
2021-07-28,-0.9995456,0
2021-07-28,1.08025795e-07,0
2021-07-28,-0.99994636,0
2021-07-28,-0.767209,0
2021-07-28,-0.9999882,0
2021-07-28,0.9999966,1
2021-07-28,0.9957307,1
2021-07-28,0.88480264,1
2021-07-28,0.9996993,1
2021-07-28,0.99999094,1
2021-07-29,0.9235127,1
2021-07-29,-0.9999689,0
2021-07-29,-0.99970067,0
2021-07-29,-0.03764238,0
2021-07-29,-0.9999278,0
2021-07-29,-0.10418706,0
2021-07-29,0.0460974,0
2021-07-29,-0.9999906,0
2021-07-29,-0.001124228,0
2021-07-29,-0.9964028,0
2021-07-29,-0.99996316,0
2021-07-29,0.77349484,1
2021-07-29,-0.98857605,0
2021-07-30,-0.9999976,0
2021-07-30,-0.9999787,0
2021-07-30,0.9998869,1
2021-07-30,-0.99995613,0
2021-07-30,0.99981785,1
2021-07-30,-0.9999811,0
2021-07-30,-0.984249,0
2021-07-30,-7.398794e-07,0
2021-07-31,0.9999145,1
2021-07-31,-0.9999805,0
2021-07-31,-0.9996643,0
2021-07-31,-0.9979028,0
2021-07-31,-0.9999324,0
2021-07-31,-0.99980617,0
2021-08-01,1.8393062e-07,0
2021-08-01,-0.99819916,0
2021-08-01,-0.84892124,0
2021-08-01,-0.99997944,0
2021-08-01,-0.9999805,0
2021-08-02,-1.3349605e-08,0
2021-08-02,-0.9952001,0
2021-08-02,0.999094,1
2021-08-03,-0.9450264,0
2021-08-03,-0.9999707,0
2021-08-03,0.9950918,1
2021-08-03,-0.99994725,0
2021-08-03,-0.99996895,0
2021-08-03,-1.2754614e-05,0
2021-08-04,-0.9999803,0
2021-08-04,-0.99999285,0
2021-08-04,-0.99387246,0
2021-08-04,-0.993574,0
2021-08-05,0.00010605081,0
2021-08-05,-0.99988204,0
2021-08-05,-2.7268172e-05,0
2021-08-05,-1.313919e-06,0
2021-08-05,0.87057537,1
2021-08-05,-0.99933296,0
2021-08-05,-0.99763924,0
2021-08-05,-0.99990356,0
2021-08-06,-0.96221775,0
2021-08-06,-0.9999891,0
2021-08-06,-0.96221775,0
2021-08-06,-0.9999891,0
2021-08-06,-0.9983695,0
2021-08-06,0.99590486,1
2021-08-06,-0.9983695,0
2021-08-06,-0.9999506,0
2021-08-06,0.24990875,1
2021-08-06,-0.9999506,0
2021-08-06,0.24990875,1
2021-08-06,-0.9998343,0
2021-08-06,-0.9998343,0
2021-08-07,-0.99999744,0
2021-08-07,0.9999983,1
2021-08-07,-0.00012016069,0
2021-08-08,0.68956,1
2021-08-08,-0.9982533,0
2021-08-09,-0.97904843,0
2021-08-09,-0.99937034,0
2021-08-09,0.053815573,1
2021-08-09,-0.99545234,0
2021-08-10,-0.99872196,0
2021-08-10,0.9143682,1
2021-08-10,-0.99999833,0
2021-08-10,-0.9999769,0
2021-08-10,-0.20081638,0
2021-08-10,-0.992303,0
2021-08-10,-0.997805,0
2021-08-10,-0.9999132,0
2021-08-10,0.9140353,1
2021-08-11,-0.9999236,0
2021-08-11,-0.99995327,0
2021-08-11,0.37451243,1
2021-08-11,-0.9982208,0
2021-08-12,-0.8231495,0
2021-08-12,-0.016366255,0
2021-08-12,0.9999896,1
2021-08-12,-0.9992742,0
2021-08-12,-0.9999848,0
2021-08-13,-0.99993324,0
2021-08-13,-0.9987611,0
2021-08-13,0.9999967,1
2021-08-13,-0.99949825,0
2021-08-13,-0.99990547,0
2021-08-13,-0.9936977,0
2021-08-13,-0.1791358,0
2021-08-13,-0.99994123,0
2021-08-13,0.8331746,1
2021-08-14,-0.99998254,0
2021-08-14,-0.99999726,0
2021-08-14,-7.012244e-05,0
2021-08-14,-0.9999292,0
2021-08-15,-0.99916863,0
2021-08-15,-0.99997914,0
2021-08-16,-7.932686e-06,0
2021-08-16,-0.9999952,0
2021-08-16,-0.99999565,0
2021-08-16,-0.99999803,0
2021-08-16,-0.9406022,0
2021-08-16,-0.9999902,0
2021-08-17,-0.000883184,0
2021-08-17,-0.99985814,0
2021-08-17,1.8793207e-06,0
2021-08-17,-0.9935835,0
2021-08-17,0.72804403,1
2021-08-18,-0.9997662,0
2021-08-18,-0.9999882,0
2021-08-18,-0.9985178,0
2021-08-19,-0.9873954,0
2021-08-19,-0.999995,0
2021-08-19,-0.99967986,0
2021-08-19,-0.9969111,0
2021-08-20,-0.98562676,0
2021-08-20,0.9980939,1
2021-08-20,-0.999997,0
2021-08-20,-0.9999848,0
2021-08-20,-0.9999948,0
2021-08-20,-0.999709,0
2021-08-21,0.68402797,1
2021-08-21,-0.9999802,0
2021-08-22,0.9993585,1
2021-08-23,-0.9999989,0
2021-08-23,0.3744306,1
2021-08-23,-0.9999847,0
2021-08-24,-0.99098945,0
2021-08-24,-0.9999996,0
2021-08-24,-0.999994,0
2021-08-24,-0.61595774,0
2021-08-24,-0.9995101,0
2021-08-24,-0.99980974,0
2021-08-24,-0.9998317,0
2021-08-24,-0.9998425,0
2021-08-24,-0.99745196,0
2021-08-24,-0.0014640401,0
2021-08-25,-0.9906935,0
2021-08-25,-0.99963087,0
2021-08-25,-0.99977374,0
2021-08-25,-0.99978393,0
2021-08-26,-0.9999698,0
2021-08-26,-0.9999952,0
2021-08-26,-0.99999774,0
2021-08-26,-0.9999934,0
2021-08-26,-0.9999796,0
2021-08-26,-0.9742024,0
2021-08-26,-0.98906815,0
2021-08-26,-0.99993557,0
2021-08-27,-0.9998332,0
2021-08-27,-0.9979767,0
2021-08-27,-0.9999973,0
2021-08-27,-4.982829e-06,0
2021-08-27,-0.9999206,0
2021-08-27,-0.9995485,0
2021-08-27,-0.9999951,0
2021-08-27,-0.99594355,0
2021-08-28,-0.27914438,0
2021-08-28,0.99999535,1
2021-08-28,-0.9776863,0
2021-08-28,-0.99999195,0
2021-08-29,-0.99998975,0
2021-08-30,-0.0009703548,0
2021-08-30,-0.9991872,0
2021-08-30,-0.9955206,0
2021-08-30,-0.9999811,0
2021-08-30,-0.9999102,0
2021-08-30,-0.99997586,0
2021-08-30,-0.37896028,0
2021-08-30,-0.9895169,0
2021-08-30,-0.9999911,0
2021-08-30,0.4325446,1
2021-08-30,-0.9999136,0
2021-08-31,-0.922736,0
2021-08-31,0.9999992,1
2021-08-31,-0.9999681,0
2021-08-31,-0.99999833,0
2021-08-31,-0.99998605,0
2021-08-31,-0.97831273,0
2021-08-31,-0.9978227,0
2021-08-31,0.99999976,1
2021-08-31,0.9999993,1
2021-08-31,-0.9999814,0
2021-08-31,0.04615891,0
2021-08-31,-0.99980396,0
2021-09-01,-0.0028049473,0
2021-09-01,-0.9999057,0
2021-09-01,-0.99991465,0
2021-09-01,9.5231167e-07,0
2021-09-01,0.3534418,1
2021-09-01,-0.9998726,0
2021-09-01,-0.99701846,0
2021-09-02,0.99007404,1
2021-09-02,-0.9999919,0
2021-09-02,-0.9988866,0
2021-09-02,-0.9940152,0
2021-09-02,0.49434766,1
2021-09-02,-0.99996614,0
2021-09-02,-0.9913112,0
2021-09-02,-0.3189429,0
2021-09-03,0.999994,1
2021-09-03,-0.484354,0
2021-09-03,-0.7289716,0
2021-09-03,-0.99999064,0
2021-09-03,-0.0676094,0
2021-09-03,2.0371127e-10,0
2021-09-03,-0.99865335,0
2021-09-03,0.7576938,1
2021-09-03,-0.1556148,0
2021-09-04,-0.9999986,0
2021-09-04,-0.9991367,0
2021-09-04,-0.99981433,0
2021-09-04,-0.46283367,0
2021-09-05,-0.98222476,0
2021-09-05,-0.9999971,0
2021-09-05,0.9875028,1
2021-09-06,-0.99998677,0
2021-09-06,-0.99998677,0
2021-09-07,-0.9987353,0
2021-09-07,-0.9999235,0
2021-09-07,-0.9999974,0
2021-09-07,-0.9999974,0
2021-09-07,0.98781615,1
2021-09-07,-0.9997349,0
2021-09-07,-0.9999991,0
2021-09-07,-0.9987329,0
2021-09-07,-0.9999947,0
2021-09-07,-0.29929304,0
2021-09-07,-0.9999992,0
2021-09-08,-0.90056366,0
2021-09-08,0.5184074,1
2021-09-08,-0.9999615,0
2021-09-08,-0.9995803,0
2021-09-08,-0.015781991,0
2021-09-08,-0.99997765,0
2021-09-09,0.9975622,1
2021-09-09,-0.66121775,0
2021-09-09,-0.9997425,0
2021-09-09,-0.9999494,0
2021-09-09,-0.99999577,0
2021-09-09,-0.99999493,0
2021-09-10,-0.4839943,0
2021-09-10,-0.98703253,0
2021-09-10,-0.99999315,0
2021-09-10,-0.99856067,0
2021-09-10,0.50315446,1
2021-09-10,0.994854,1
2021-09-10,-0.99974406,0
2021-09-10,-0.9995754,0
2021-09-10,-0.99070084,0
2021-09-10,-0.9999974,0
2021-09-10,-0.9987789,0
2021-09-10,0.49026352,1
2021-09-10,-0.9999839,0
2021-09-11,-0.99992055,0
2021-09-11,-0.99903226,0
2021-09-11,-8.016336e-06,0
2021-09-11,0.024125487,0
2021-09-12,-0.9999821,0
2021-09-12,-0.999947,0
2021-09-12,-0.9994587,0
2021-09-12,-0.9999997,0
2021-09-13,-0.9591028,0
2021-09-13,-0.99999523,0
2021-09-13,0.91031754,1
2021-09-13,-0.99971384,0
2021-09-13,-1.04051495e-07,0
2021-09-13,-0.9256026,0
2021-09-13,-0.9900763,0
2021-09-13,-0.9992434,0
2021-09-13,-0.9992846,0
2021-09-13,-0.9991279,0
2021-09-13,-0.99979645,0
2021-09-13,-0.99999434,0
2021-09-14,-0.99970895,0
2021-09-14,0.9999929,1
2021-09-14,0.9992462,1
2021-09-14,-0.9999956,0
2021-09-14,-0.438903,0
2021-09-14,-0.998838,0
2021-09-14,-0.99988806,0
2021-09-14,-0.999446,0
2021-09-14,-0.859363,0
2021-09-14,-0.9999618,0
2021-09-14,1.9491168e-08,0
2021-09-14,-0.99976,0
2021-09-14,-0.99986476,0
2021-09-14,-0.74288946,0
2021-09-14,-0.99999666,0
2021-09-14,-0.99952173,0
2021-09-14,-0.96877676,0
2021-09-14,-0.9997925,0
2021-09-14,-0.99998176,0
2021-09-14,-0.99997514,0
2021-09-14,-0.99988985,0
2021-09-14,-0.9995682,0
2021-09-14,-0.9937313,0
2021-09-15,-0.99952304,0
2021-09-15,-0.9999911,0
2021-09-15,-0.3162149,0
2021-09-15,-0.9992563,0
2021-09-15,-0.9750061,0
2021-09-16,-0.99990106,0
2021-09-16,0.999966,1
2021-09-16,0.4317831,1
2021-09-16,-0.9998986,0
2021-09-16,0.06739603,1
2021-09-16,-0.99988323,0
2021-09-17,-0.54450864,0
2021-09-17,-0.9999439,0
2021-09-17,-0.99986136,0
2021-09-17,0.9999868,1
2021-09-17,-0.99999905,0
2021-09-17,-0.99977016,0
2021-09-17,-0.93831706,0
2021-09-17,-0.9999913,0
2021-09-17,-0.9999965,0
2021-09-17,-0.9996233,0
2021-09-17,-0.99971336,0
2021-09-17,-0.9996763,0
2021-09-18,-0.8620978,0
2021-09-18,-0.99924237,0
2021-09-18,-0.9975375,0
2021-09-19,-0.028511588,0
2021-09-19,1.6411497e-07,0
2021-09-19,-0.74834025,0
2021-09-20,-0.7470926,0
2021-09-21,-0.852589,0
2021-09-21,-0.9999327,0
2021-09-21,-0.9269328,0
2021-09-21,-0.99989706,0
2021-09-21,-0.00023529356,0
2021-09-21,-0.9999196,0
2021-09-22,-0.99998677,0
2021-09-22,0.9977028,1
2021-09-22,-0.9960656,0
2021-09-22,0.9996578,1
2021-09-22,-0.9991969,0
2021-09-22,-0.99979717,0
2021-09-22,-0.99937326,0
2021-09-22,0.9999839,1
2021-09-22,-0.9999831,0
2021-09-22,0.9999916,1
2021-09-22,0.99949646,1
2021-09-22,-0.9972153,0
2021-09-22,-0.8888973,0
2021-09-23,-0.9912579,0
2021-09-23,-0.97951955,0
2021-09-23,0.9960222,1
2021-09-23,-0.31433204,0
2021-09-23,-0.99979573,0
2021-09-23,0.99999106,1
2021-09-23,-0.1056668,0
2021-09-23,-0.9974464,0
2021-09-23,-0.99997485,0
2021-09-23,-0.9999891,0
2021-09-23,-0.006240689,0
2021-09-24,2.4569655e-08,0
2021-09-24,-0.98340154,0
2021-09-24,-0.98732334,0
2021-09-24,3.1226008e-09,0
2021-09-24,-0.99972194,0
2021-09-24,-0.99984396,0
2021-09-24,-0.71723074,0
2021-09-25,-0.9999881,0
2021-09-25,0.9997185,1
2021-09-27,-0.99993515,0
2021-09-27,-0.9987784,0
2021-09-27,-0.9999975,0
2021-09-27,-0.99997866,0
2021-09-27,-0.9999935,0
2021-09-27,-0.9997843,0
2021-09-28,-0.26991105,0
2021-09-28,-0.99982727,0
2021-09-28,0.99998784,1
2021-09-28,-0.9999879,0
2021-09-29,-0.0037436804,0
2021-09-29,0.99999875,1
2021-09-29,-0.99990255,0
2021-09-29,-0.9999797,0
2021-09-29,-0.9574552,0
2021-09-29,-0.9999561,0
2021-09-29,0.38139874,1
2021-09-30,0.09451751,1
2021-09-30,-0.99915695,0
2021-09-30,-0.9995869,0
2021-09-30,0.061952256,1
2021-09-30,-0.99998,0
2021-09-30,-0.99975944,0
2021-10-01,0.9999165,1
2021-10-01,0.99988043,1
2021-10-01,-0.99987686,0
2021-10-01,-0.06346491,0
2021-10-01,0.89936423,1
2021-10-01,-0.9999241,0
2021-10-01,-0.999993,0
2021-10-02,-0.99886006,0
2021-10-02,-0.66881734,0
2021-10-02,-0.98331934,0
2021-10-02,-0.9999776,0
2021-10-02,-0.9999963,0
2021-10-03,-0.9999971,0
2021-10-04,-0.9998171,0
2021-10-04,-0.9999958,0
2021-10-04,-0.9599377,0
2021-10-04,0.9763676,1
2021-10-04,-0.9999919,0
2021-10-04,-0.99998885,0
2021-10-04,-0.9998787,0
2021-10-05,3.6367908e-07,0
2021-10-05,-0.9999988,0
2021-10-05,-0.999763,0
2021-10-05,-0.7982587,0
2021-10-05,-0.99237853,0
2021-10-05,-0.99983954,0
2021-10-06,-0.12744786,0
2021-10-06,9.957332e-08,0
2021-10-06,-0.9758177,0
2021-10-06,-0.99885154,0
2021-10-06,0.9999975,1
2021-10-07,-0.9999471,0
2021-10-07,-1.313919e-06,0
2021-10-07,-0.9999471,0
2021-10-07,-1.313919e-06,0
2021-10-07,-0.99997085,0
2021-10-07,-0.99997085,0
2021-10-07,-0.99994886,0
2021-10-07,-0.9996848,0
2021-10-07,-0.99994886,0
2021-10-07,-0.9996848,0
2021-10-07,-0.96621394,0
2021-10-07,-0.9999811,0
2021-10-07,-0.99814624,0
2021-10-07,-0.96621394,0
2021-10-07,-0.9999811,0
2021-10-07,-0.99814624,0
2021-10-08,-0.87479204,0
2021-10-08,-0.9999998,0
2021-10-08,0.9998503,1
2021-10-08,0.9999912,1
2021-10-08,-0.99934256,0
2021-10-08,0.99419755,1
2021-10-08,-0.99901944,0
2021-10-08,-0.999985,0
2021-10-08,-0.99776363,0
2021-10-08,-0.99994904,0
2021-10-09,1.5797674e-08,0
2021-10-09,-0.009071618,0
2021-10-09,0.9999487,1
2021-10-09,-0.9998038,0
2021-10-10,-0.98397464,0
2021-10-11,-0.99999917,0
2021-10-11,0.018771172,0
2021-10-11,-0.999985,0
2021-10-12,-0.9999926,0
2021-10-12,-0.9999951,0
2021-10-12,-0.9999956,0
2021-10-12,0.9997987,1
2021-10-12,-0.9848881,0
2021-10-12,-0.99640274,0
2021-10-12,0.99986726,1
2021-10-12,0.9999882,1
2021-10-12,-0.9987642,0
2021-10-12,0.99999416,1
2021-10-12,-0.99999136,0
2021-10-12,0.9676542,1
2021-10-12,0.99999833,1
2021-10-13,-0.41252446,0
2021-10-13,-1.9241276e-07,0
2021-10-13,-0.9999375,0
2021-10-13,-0.9990395,0
2021-10-14,0.044761196,0
2021-10-14,-0.7277622,0
2021-10-14,0.17964019,1
2021-10-14,-0.99988896,0
2021-10-15,-0.9999384,0
2021-10-15,-0.99997574,0
2021-10-15,0.9991117,1
2021-10-15,-0.99993914,0
2021-10-15,-0.999995,0
2021-10-15,-0.99792254,0
2021-10-15,0.6206495,1
2021-10-15,-0.99994975,0
2021-10-15,-0.9998022,0
2021-10-15,-0.9977191,0
2021-10-15,-0.96125966,0
2021-10-15,-0.9996826,0
2021-10-16,-0.52115524,0
2021-10-16,1.0038417e-08,0
2021-10-16,-4.7187088e-05,0
2021-10-17,-0.024091993,0
2021-10-17,-0.9999595,0
2021-10-17,-6.3827076e-07,0
2021-10-18,-0.8697932,0
2021-10-18,-0.9999339,0
2021-10-18,-0.9999843,0
2021-10-18,-0.014107434,0
2021-10-18,-0.9997085,0
2021-10-18,-0.9999864,0
2021-10-18,-8.819277e-05,0
2021-10-18,-0.9999346,0
2021-10-18,-0.9750061,0
2021-10-18,-0.9635024,0
2021-10-18,-0.9996755,0
2021-10-18,-0.9999934,0
2021-10-19,-0.9999964,0
2021-10-19,-0.9998334,0
2021-10-19,-0.9999306,0
2021-10-19,0.9226687,1
2021-10-19,-0.9999379,0
2021-10-20,-8.816045e-06,0
2021-10-20,-0.9153687,0
2021-10-20,-0.6384192,0
2021-10-20,-0.9999696,0
2021-10-21,-0.99997795,0
2021-10-21,-0.9999592,0
2021-10-21,0.48770872,1
2021-10-21,0.20135677,1
2021-10-21,-0.9999868,0
2021-10-21,-0.99988544,0
2021-10-21,0.9999535,1
2021-10-21,-0.9999346,0
2021-10-21,-0.8569009,0
2021-10-21,-0.9996595,0
2021-10-21,0.99999046,1
2021-10-21,-0.9972708,0
2021-10-21,0.9925588,1
2021-10-22,0.9990566,1
2021-10-22,-0.9999776,0
2021-10-22,-0.99999684,0
2021-10-22,-0.9999268,0
2021-10-24,-0.99993443,0
2021-10-24,-0.98505646,0
2021-10-24,-0.79950666,0
2021-10-25,-0.99970996,0
2021-10-25,-0.99999493,0
2021-10-25,-0.99494857,0
2021-10-25,1.2816913e-08,0
2021-10-25,0.9993558,1
2021-10-25,-4.1675264e-07,0
2021-10-25,-0.9990333,0
2021-10-25,-0.99894834,0
2021-10-25,-0.9999036,0
2021-10-26,-0.9999959,0
2021-10-26,6.296448e-10,0
2021-10-26,-6.6622485e-10,0
2021-10-26,-0.9999937,0
2021-10-26,-0.9999829,0
2021-10-26,-0.9998966,0
2021-10-26,-0.99994725,0
2021-10-26,2.244971e-08,0
2021-10-26,0.16861594,1
2021-10-26,-0.99998826,0
2021-10-26,-0.9999864,0
2021-10-26,-0.9998964,0
2021-10-27,0.9978401,1
2021-10-27,-0.993952,0
2021-10-27,-0.018054971,0
2021-10-27,-0.9999763,0
2021-10-27,-0.5504816,0
2021-10-28,-0.99996996,0
2021-10-28,0.9999991,1
2021-10-28,0.9999977,1
2021-10-28,0.99999875,1
2021-10-28,-0.32824388,0
2021-10-28,0.9938006,1
2021-10-28,0.99999756,1
2021-10-28,0.9999998,1
2021-10-28,-0.9995048,0
2021-10-28,-0.66589063,0
2021-10-28,0.99999976,1
2021-10-28,0.90667444,1
2021-10-29,-0.9999088,0
2021-10-29,-0.9999875,0
2021-10-29,0.9999999,1
2021-10-29,-0.0049249977,0
2021-10-29,0.0007706382,0
2021-10-29,-0.0024981517,0
2021-10-29,-0.9886238,0
2021-10-29,-0.99999684,0
2021-10-29,0.9999954,1
2021-10-29,0.9999986,1
2021-10-29,-0.9997743,0
2021-10-30,-0.99668604,0
2021-10-30,-0.9999449,0
2021-10-30,0.99999136,1
2021-10-30,0.99996054,1
2021-10-31,-0.9999878,0
2021-10-31,-0.9999971,0
2021-10-31,-0.9997658,0
2021-10-31,-0.99983567,0
2021-11-01,-0.18458082,0
2021-11-01,-0.9975541,0
2021-11-01,-0.999925,0
2021-11-01,-0.9997486,0
2021-11-01,-0.9999976,0
2021-11-01,-8.9710625e-08,0
2021-11-01,-0.9944741,0
2021-11-02,-5.956784e-07,0
2021-11-02,-0.9999294,0
2021-11-02,-0.99998504,0
2021-11-02,-0.99580806,0
2021-11-03,-0.99989533,0
2021-11-03,0.99996376,1
2021-11-03,-0.99999857,0
2021-11-03,-0.99827385,0
2021-11-03,0.9995691,1
2021-11-03,-0.9637979,0
2021-11-03,-0.9998335,0
2021-11-04,0.8328665,1
2021-11-04,-0.99849534,0
2021-11-04,-0.99995023,0
2021-11-04,0.29034886,1
2021-11-04,-0.29288858,0
2021-11-04,-0.0045255544,0
2021-11-05,-0.99998236,0
2021-11-05,0.99999946,1
2021-11-05,0.059752185,1
2021-11-05,-0.8944044,0
2021-11-06,-0.98889464,0
2021-11-06,0.9998356,1
2021-11-06,-0.014502415,0
2021-11-07,-0.9892076,0
2021-11-07,-0.9892076,0
2021-11-07,-0.9892076,0
2021-11-07,-0.99999744,0
2021-11-07,-0.99999744,0
2021-11-08,-0.91187423,0
2021-11-08,-0.9999617,0
2021-11-08,-0.9560461,0
2021-11-08,-0.99957114,0
2021-11-08,0.6184009,1
2021-11-09,-0.9067353,0
2021-11-09,-0.99071974,0
2021-11-09,-0.99996334,0
2021-11-09,0.99999964,1
2021-11-09,-0.9999867,0
2021-11-09,-0.973067,0
2021-11-09,-0.99989414,0
2021-11-09,-0.9530761,0
2021-11-09,-0.9997066,0
2021-11-09,-0.99998486,0
2021-11-09,0.98458046,1
2021-11-09,-0.99977237,0
2021-11-10,-0.9986401,0
2021-11-10,-0.9999685,0
2021-11-10,-1.313919e-06,0
2021-11-10,-0.9997407,0
2021-11-10,-0.9999887,0
2021-11-10,-0.7922709,0
2021-11-10,-0.99192506,0
2021-11-10,-0.81898624,0
2021-11-10,-0.14731902,0
2021-11-11,-0.99976385,0
2021-11-11,-0.9999926,0
2021-11-11,-0.99913627,0
2021-11-11,-0.99376726,0
2021-11-11,0.00023918081,0
2021-11-12,0.48401767,1
2021-11-12,-0.99997944,0
2021-11-12,5.0226055e-07,0
2021-11-12,0.99798983,1
2021-11-12,-0.6685958,0
2021-11-12,-2.3464983e-05,0
2021-11-13,-0.9996212,0
2021-11-13,-0.98743165,0
2021-11-13,0.9993217,1
2021-11-14,-0.9999105,0
2021-11-14,-0.045218576,0
2021-11-15,-0.27284884,0
2021-11-16,-0.9432015,0
2021-11-16,0.04332911,0
2021-11-16,-0.9999912,0
2021-11-16,-0.99993813,0
2021-11-17,-0.9999977,0
2021-11-17,-3.834959e-08,0
2021-11-17,-0.99941355,0
2021-11-17,-0.9215367,0
2021-11-17,-0.9984506,0
2021-11-17,-0.019377144,0
2021-11-17,-0.9998753,0
2021-11-17,-0.42501897,0
2021-11-18,-0.9999715,0
2021-11-18,-0.98900825,0
2021-11-18,-0.99999034,0
2021-11-18,-0.9999555,0
2021-11-18,-0.9993438,0
2021-11-18,-0.99977475,0
2021-11-18,-0.9999425,0
2021-11-18,-0.99952704,0
2021-11-18,-0.9999359,0
2021-11-18,-0.9989035,0
2021-11-18,0.29453337,1
2021-11-18,-0.9986037,0
2021-11-18,-0.99982446,0
2021-11-18,9.634553e-09,0
2021-11-19,-8.438742e-05,0
2021-11-19,-0.9993517,0
2021-11-19,-0.16041389,0
2021-11-19,-0.99992704,0
2021-11-19,0.9876073,1
2021-11-20,-0.99545395,0
2021-11-20,-0.0010613503,0
2021-11-20,-0.42169267,0
2021-11-20,0.99973565,1
2021-11-20,0.9998725,1
2021-11-20,-0.979935,0
2021-11-20,-0.9999092,0
2021-11-21,0.9998649,1
2021-11-22,-0.99991894,0
2021-11-22,-0.99999297,0
2021-11-22,-0.99996823,0
2021-11-23,-0.99985874,0
2021-11-23,-0.00010846366,0
2021-11-23,-0.9997428,0
2021-11-23,-0.999997,0
2021-11-23,0.5329245,1
2021-11-24,-0.9999686,0
2021-11-24,-0.99994683,0
2021-11-24,-0.9999188,0
2021-11-24,-0.9980096,0
2021-11-25,-0.84057325,0
2021-11-26,-0.999997,0
2021-11-26,0.99999297,1
2021-11-26,-0.8008364,0
2021-11-26,-0.3910903,0
2021-11-27,-0.9946135,0
2021-11-27,0.99989206,1
2021-11-27,-0.05994244,0
2021-11-27,-0.9986635,0
2021-11-28,-0.0025917902,0
2021-11-28,-0.9998767,0
2021-11-28,-0.081131764,0
2021-11-28,-0.9997,0
2021-11-29,-0.9999895,0
2021-11-29,1.1800978e-07,0
2021-11-29,-0.9999991,0
2021-11-29,-0.99951667,0
2021-11-30,-0.9999977,0
2021-11-30,0.9022715,1
2021-11-30,0.79341805,1
2021-11-30,-0.9997697,0
2021-11-30,-0.059512973,0
2021-11-30,-0.9947398,0
2021-12-01,-0.9999661,0
2021-12-01,-0.99861354,0
2021-12-01,-0.9999621,0
2021-12-01,-0.9938585,0
2021-12-02,-8.368931e-06,0
2021-12-02,-0.96807474,0
2021-12-02,0.99999976,1
2021-12-02,-0.99998915,0
2021-12-02,-0.9999997,0
2021-12-02,-0.99988717,0
2021-12-02,0.7293238,1
2021-12-02,-0.9143461,0
2021-12-02,-0.99999774,0
2021-12-02,-0.9997264,0
2021-12-03,-0.99999744,0
2021-12-03,-0.99986064,0
2021-12-03,-0.25694108,0
2021-12-03,-0.26263887,0
2021-12-03,-0.9972395,0
2021-12-03,-0.99990755,0
2021-12-04,-0.999987,0
2021-12-04,-0.99408656,0
2021-12-04,-0.9962814,0
2021-12-04,-0.9989542,0
2021-12-04,-0.9998385,0
2021-12-05,-0.9983619,0
2021-12-05,-0.5758862,0
2021-12-06,-0.98189455,0
2021-12-06,-0.9947711,0
2021-12-06,0.99999887,1
2021-12-06,-0.99987847,0
2021-12-06,-0.9997805,0
2021-12-06,-0.9977521,0
2021-12-06,0.11395207,1
2021-12-07,-0.08398962,0
2021-12-07,-0.9999259,0
2021-12-07,-0.99697775,0
2021-12-07,-0.9972579,0
2021-12-07,-0.999102,0
2021-12-07,0.9999719,1
2021-12-07,0.9990708,1
2021-12-07,-0.9966365,0
2021-12-08,-0.9999616,0
2021-12-08,-0.9999616,0
2021-12-08,-0.9999754,0
2021-12-08,-0.9999768,0
2021-12-08,-0.9999719,0
2021-12-08,-0.9999754,0
2021-12-08,-0.9999768,0
2021-12-08,-0.9999719,0
2021-12-08,-0.5481352,0
2021-12-08,-0.9993105,0
2021-12-08,-5.431029e-08,0
2021-12-08,-0.5481352,0
2021-12-08,-0.9993105,0
2021-12-08,-5.431029e-08,0
2021-12-08,-0.997531,0
2021-12-08,-0.997531,0
2021-12-08,0.4812684,1
2021-12-08,0.4812684,1
2021-12-09,-0.9803445,0
2021-12-09,-0.99998313,0
2021-12-09,-0.99997395,0
2021-12-09,0.91779226,1
2021-12-09,0.69119406,1
2021-12-09,-0.87161815,0
2021-12-10,-4.703039e-05,0
2021-12-10,-0.10087305,0
2021-12-10,0.9582377,1
2021-12-10,-0.37669408,0
2021-12-11,-0.999908,0
2021-12-12,-0.99888974,0
2021-12-12,-0.99411315,0
2021-12-13,-0.0068845875,0
2021-12-13,-0.99997264,0
2021-12-13,7.31381e-08,0
2021-12-13,-0.9999926,0
2021-12-13,-2.5405605e-05,0
2021-12-13,-0.8995603,0
2021-12-13,-0.9999919,0
2021-12-13,0.83723134,1
2021-12-13,-0.96576816,0
2021-12-13,-1.5125418e-07,0
2021-12-13,-0.9999238,0
2021-12-13,-0.86090976,0
2021-12-14,-0.6809466,0
2021-12-14,0.8133653,1
2021-12-14,-0.00013226451,0
2021-12-14,-0.6888063,0
2021-12-14,-0.95781887,0
2021-12-14,-0.9997603,0
2021-12-14,-0.9999696,0
2021-12-14,0.25298774,1
2021-12-14,-0.998,0
2021-12-15,-0.0020340397,0
2021-12-15,-0.87116736,0
2021-12-15,0.0006229282,0
2021-12-15,0.00011307001,0
2021-12-15,-0.9999948,0
2021-12-15,-0.99999696,0
2021-12-16,-0.8048033,0
2021-12-16,-0.99998945,0
2021-12-16,-0.9999887,0
2021-12-16,-0.99995875,0
2021-12-17,-8.5748354e-05,0
2021-12-17,-0.883261,0
2021-12-17,-0.26984295,0
2021-12-17,-0.9953826,0
2021-12-17,-0.99931663,0
2021-12-18,-0.9999971,0
2021-12-18,-0.99924076,0
2021-12-19,-0.9999758,0
2021-12-19,-0.9985388,0
2021-12-20,-0.9741929,0
2021-12-20,-0.9999707,0
2021-12-21,-0.7421169,0
2021-12-21,0.1881491,1
2021-12-21,-0.99518263,0
2021-12-21,0.23939818,1
2021-12-22,-0.99988633,0
2021-12-22,-0.92106676,0
2021-12-22,-0.998912,0
2021-12-22,-0.9995828,0
2021-12-22,0.44159418,1
2021-12-22,-0.40440696,0
2021-12-22,-0.9999941,0
2021-12-22,-0.99997866,0
2021-12-23,-0.9999472,0
2021-12-23,-0.999969,0
2021-12-24,-0.72473013,0
2021-12-24,0.006577283,0
2021-12-24,-0.99904335,0
2021-12-26,-0.9999971,0
2021-12-27,-0.13236451,0
2021-12-27,0.99952114,1
2021-12-27,-0.99999446,0
2021-12-27,-0.9994634,0
2021-12-27,-0.9994089,0
2021-12-27,-0.9999475,0
2021-12-27,0.7689933,1
2021-12-28,-0.0005391907,0
2021-12-28,-0.99980205,0
2021-12-28,-0.9995876,0
2021-12-28,-0.9999424,0
2021-12-28,-0.99756956,0
2021-12-28,-0.9999817,0
2021-12-28,-0.99950624,0
2021-12-28,-0.99964917,0
2021-12-29,-0.99980026,0
2021-12-29,-2.2904572e-08,0
2021-12-29,-0.9998958,0
2021-12-29,-0.9999564,0
2021-12-29,-0.9999932,0
2021-12-29,-0.99821603,0
2021-12-30,-0.99804145,0
2021-12-30,-0.99997103,0
2021-12-30,0.3389612,1
2021-12-30,0.14509918,1
